{
  "accuracy": [
    0.5835312604904175,
    0.6484560370445251
  ],
  "auc": [
    0.6357843279838562,
    0.725601851940155
  ],
  "loss": [
    1.028169870376587,
    0.8853523135185242
  ],
  "precision": [
    0.5697290301322937
  ],
  "recall": [
    0.6825019717216492,
    0.8226444721221924
  ],
  "val_accuracy": [
    0.5149999856948853,
    0.6150000095367432
  ],
  "val_auc": [
    0.7457499504089355,
    0.749250054359436
  ],
  "val_loss": [
    0.7202633619308472,
    0.6905431151390076
  ],
  "val_precision": [
    0.5076923370361328
  ],
  "val_recall": [
    0.9900000095367432,
    0.9200000166893005
  ],
  "learning_rate": [
    9.999999747378752e-05,
    4.999999873689376e-06
  ]
}